{
    "predictions": {
        "xgb": 0.46967995166778564,
        "catboost": 0.5479187965393066,
        "nn": 0.529321014881134
    }
}